TIME_LIMIT;DEFAULT;RADIUS;IN_RANGE;OSM_ID;RANDOM
0.0;2068644.5146092658;2068644.5146092672;2068644.5146092672;2068644.5146092663;2068644.5146092658
2804.4321126479067;658151.0945564469;791279.2248449685;718494.8062466;699519.5866189175;701128.0820575558
5608.864225295813;274499.7997000618;331802.4497015396;320542.98163107375;268769.534699914;274901.9235597213
8413.29633794372;160296.6235567656;156677.50881983017;153460.5179425542;165524.233732339;130137.33408230357
11217.728450591627;131343.70566128206;98771.6730288631;138984.05899481245;132952.20109992003;101988.66390613905
14022.160563239533;81078.22320384538;73035.74601065551;113248.13197660487;89120.70039703525;87512.20495839728
16826.59267588744;47299.81899244792;47299.81899244792;47299.81899244792;61776.277940189684;61776.277940189684