TIME_LIMIT;DEFAULT;RADIUS;IN_RANGE;OSM_ID;RANDOM
0.0;107368;107368;107368;107368;107368
107660.43729135687;18;18;18;18;18
215320.87458271373;5;5;5;5;5
322981.3118740706;3;3;3;3;3
430641.74916542746;2;2;2;2;2
538302.1864567844;2;2;2;2;2
645962.6237481412;2;2;2;2;2