TIME_LIMIT;DEFAULT;RADIUS;IN_RANGE;OSM_ID;RANDOM
0.0;184;184;184;184;184
2804.4321126479067;76;64;64;68;70
5608.864225295813;30;19;21;23;22
8413.29633794372;14;5;6;11;9
11217.728450591627;9;4;5;8;5
14022.160563239533;5;3;4;5;4
16826.59267588744;2;2;2;3;3